ID,Name,StudyHours,Attendance,Marks,Grade,Result,Performance Score
563,Student_563,2.2,100,90.2,A,Pass,83.52000000000001
332,Student_332,7.8,100,87.3,B,Pass,92.97999999999999
146,Student_146,1.3,100,46.6,D,Pass,55.56
39,Student_39,7.2,100,58.2,D,Pass,74.32000000000001
844,Student_844,9.6,100,66.6,C,Pass,84.16
521,Student_521,6.3,100,71.6,C,Pass,80.55999999999999
253,Student_253,8.7,100,96.2,A,Pass,100.12
529,Student_529,1.5,100,72.4,C,Pass,71.44
542,Student_542,6.5,100,46.0,D,Pass,65.6
442,Student_442,9.9,100,91.0,A,Pass,99.39999999999999
577,Student_577,2.3,100,69.99137749737118,C,Pass,71.59482649842269
576,Student_576,9.5,100,87.3,B,Pass,96.38
676,Student_676,9.8,100,68.9,C,Pass,85.94
223,Student_223,1.8,100,79.4,B,Pass,76.24
692,Student_692,4.8,99,95.9,A,Pass,91.88999999999999
831,Student_831,3.0,99,90.0,A,Pass,84.75
681,Student_681,8.4,99,71.0,C,Pass,84.14999999999999
686,Student_686,6.0,99,46.5,D,Pass,64.65
700,Student_700,5.3,99,69.6,C,Pass,77.10999999999999
476,Student_476,9.9,99,89.3,B,Pass,98.13
458,Student_458,5.2,99,85.4,B,Pass,86.39000000000001
42,Student_42,5.5,99,45.3,D,Pass,62.92999999999999
703,Student_703,4.0,99,47.9,D,Pass,61.489999999999995
720,Student_720,7.6,99,76.2,B,Pass,85.67
395,Student_395,4.1,99,86.6,B,Pass,84.91
115,Student_115,6.7,99,99.8,A,Pass,98.03
316,Student_316,7.3,99,78.5,B,Pass,86.44999999999999
661,Student_661,4.2,99,79.1,B,Pass,80.61
915,Student_915,6.0,99,97.4,A,Pass,95.19
746,Student_746,9.1,99,72.0,C,Pass,86.14999999999999
493,Student_493,3.5,99,59.0,D,Pass,67.15
998,Student_998,2.2,99,90.4,A,Pass,83.39000000000001
497,Student_497,6.3,99,99.0,A,Pass,96.75
168,Student_168,2.7,99,42.3,D,Pass,55.529999999999994
561,Student_561,7.3,99,91.3,A,Pass,94.13
218,Student_218,7.7,99,69.99137749737118,C,Pass,82.1448264984227
304,Student_304,6.7,99,93.2,A,Pass,94.07000000000001
927,Student_927,3.4,99,86.1,B,Pass,83.21
96,Student_96,5.4,98,77.2,B,Pass,81.61999999999999
161,Student_161,4.3,98,97.3,A,Pass,91.47999999999999
549,Student_549,5.7,98,77.3,B,Pass,82.28
675,Student_675,4.7,98,59.9,D,Pass,69.84
110,Student_110,1.7,98,58.2,D,Pass,62.82
652,Student_652,5.8,98,76.4,B,Pass,81.94
653,Student_653,6.3,98,77.9,B,Pass,83.84
481,Student_481,6.7,98,71.4,C,Pass,80.74000000000001
70,Student_70,9.9,98,78.5,B,Pass,91.39999999999999
727,Student_727,2.3,98,65.1,C,Pass,68.16
165,Student_165,1.8,98,66.3,C,Pass,67.88
792,Student_792,6.3,98,80.6,B,Pass,85.45999999999998
377,Student_377,8.6,98,83.8,B,Pass,91.98
883,Student_883,1.2,98,69.5,C,Pass,68.6
910,Student_910,4.4,98,58.0,D,Pass,68.1
154,Student_154,5.4,98,84.2,B,Pass,85.82000000000001
930,Student_930,3.3,98,90.8,A,Pass,85.57999999999998
276,Student_276,5.5,98,83.6,B,Pass,85.66
960,Student_960,7.6,98,59.3,D,Pass,75.28
126,Student_126,4.8,98,62.1,C,Pass,71.36
562,Student_562,2.9,98,53.6,D,Pass,62.459999999999994
790,Student_790,9.5,98,64.6,C,Pass,82.25999999999999
988,Student_988,4.9,98,77.8,B,Pass,80.98
868,Student_868,2.6,98,56.5,D,Pass,63.6
938,Student_938,9.2,97,60.9,C,Pass,79.19
212,Student_212,7.2,97,78.6,B,Pass,85.81
207,Student_207,1.9,97,62.9,C,Pass,65.78999999999999
590,Student_590,2.4,97,65.4,C,Pass,68.29
239,Student_239,6.8,97,89.0,B,Pass,91.25
740,Student_740,4.4,97,76.8,B,Pass,79.13
415,Student_415,6.7,97,98.9,A,Pass,96.99000000000001
820,Student_820,4.0,97,99.0,A,Pass,91.65
752,Student_752,9.5,97,74.6,C,Pass,88.00999999999999
120,Student_120,5.9,97,71.6,C,Pass,79.00999999999999
40,Student_40,5.0,97,55.8,D,Pass,67.72999999999999
854,Student_854,9.1,97,63.7,C,Pass,80.67
810,Student_810,2.0,97,85.4,B,Pass,79.49000000000001
827,Student_827,4.1,97,49.2,D,Pass,61.97
285,Student_285,6.2,97,51.3,D,Pass,67.43
352,Student_352,8.7,96,74.3,C,Pass,85.97999999999999
500,Student_500,9.9,96,51.1,D,Pass,74.46
364,Student_364,5.9,96,55.6,D,Pass,69.16
329,Student_329,4.8,96,60.1,C,Pass,69.66
429,Student_429,4.2,96,73.7,C,Pass,76.62
101,Student_101,1.3,96,69.99137749737118,C,Pass,68.59482649842269
177,Student_177,7.2,96,69.99137749737118,C,Pass,80.3948264984227
318,Student_318,2.6,96,74.8,C,Pass,74.08
159,Student_159,3.1,96,87.1,B,Pass,82.46
1,Student_1,4.4,96,59.5,D,Pass,68.5
648,Student_648,7.1,96,86.4,B,Pass,90.04
624,Student_624,5.4,96,69.99137749737118,C,Pass,76.7948264984227
711,Student_711,7.8,96,58.6,D,Pass,74.75999999999999
725,Student_725,6.2,96,69.99137749737118,C,Pass,78.3948264984227
24,Student_24,4.3,96,64.0,C,Pass,71.0
690,Student_690,2.7,96,70.8,C,Pass,71.88
656,Student_656,2.1,96,54.2,D,Pass,60.720000000000006
858,Student_858,5.2,96,53.7,D,Pass,66.62
713,Student_713,5.2,96,97.3,A,Pass,92.78
894,Student_894,4.6,96,91.2,A,Pass,87.92
929,Student_929,6.7,96,69.99137749737118,C,Pass,79.3948264984227
839,Student_839,6.2,96,98.0,A,Pass,95.2
603,Student_603,2.6,96,58.3,D,Pass,64.17999999999999
387,Student_387,3.5,95,56.9,D,Pass,64.89
855,Student_855,2.8,95,42.4,D,Pass,54.79
274,Student_274,9.2,95,40.6,D,Pass,66.50999999999999
122,Student_122,9.1,95,47.8,D,Pass,70.63
762,Student_762,3.8,95,80.4,B,Pass,79.59
403,Student_403,5.5,95,64.7,C,Pass,73.57
800,Student_800,9.3,95,69.1,C,Pass,83.81
732,Student_732,8.3,95,96.5,A,Pass,98.25
428,Student_428,9.0,95,69.99137749737118,C,Pass,83.7448264984227
804,Student_804,6.5,95,63.1,C,Pass,74.61
135,Student_135,9.5,95,55.6,D,Pass,76.11
394,Student_394,8.0,95,67.0,C,Pass,79.94999999999999
830,Student_830,5.1,95,85.7,B,Pass,85.37
523,Student_523,9.7,95,69.99137749737118,C,Pass,85.1448264984227
447,Student_447,9.9,95,72.7,C,Pass,87.17
973,Student_973,7.6,95,77.5,B,Pass,85.45
475,Student_475,5.7,95,79.4,B,Pass,82.79
148,Student_148,5.5,95,67.3,C,Pass,75.13
964,Student_964,4.5,95,98.7,A,Pass,91.97
337,Student_337,8.7,95,66.0,C,Pass,80.75
94,Student_94,6.1,95,78.4,B,Pass,82.99
22,Student_22,2.3,94,95.6,A,Pass,85.45999999999998
972,Student_972,9.4,94,69.99137749737118,C,Pass,84.2948264984227
834,Student_834,2.6,94,55.6,D,Pass,62.06
892,Student_892,8.7,94,52.0,D,Pass,72.1
220,Student_220,8.6,94,74.9,C,Pass,85.64
230,Student_230,6.7,94,66.4,C,Pass,76.74000000000001
283,Student_283,4.4,94,84.0,B,Pass,82.7
147,Student_147,6.5,94,72.9,C,Pass,80.24000000000001
243,Student_243,9.2,94,55.1,D,Pass,74.96000000000001
252,Student_252,4.5,94,99.1,A,Pass,91.96
580,Student_580,3.3,94,80.2,B,Pass,78.22
601,Student_601,2.5,94,97.8,A,Pass,87.17999999999999
79,Student_79,4.2,94,70.2,C,Pass,74.02000000000001
773,Student_773,2.1,94,74.9,C,Pass,72.64
525,Student_525,8.5,94,83.9,B,Pass,90.84
434,Student_434,1.9,94,44.1,D,Pass,53.76
112,Student_112,2.5,94,81.5,B,Pass,77.4
59,Student_59,1.4,94,92.7,A,Pass,81.92
698,Student_698,6.2,94,69.99137749737118,C,Pass,77.8948264984227
622,Student_622,2.9,94,80.1,B,Pass,77.36
520,Student_520,2.4,94,73.6,C,Pass,72.46
823,Student_823,4.0,93,63.4,C,Pass,69.28999999999999
659,Student_659,6.8,93,69.99137749737118,C,Pass,78.84482649842269
991,Student_991,8.2,93,59.1,D,Pass,75.11
530,Student_530,8.8,93,82.6,B,Pass,90.41
932,Student_932,8.5,93,45.3,D,Pass,67.42999999999999
654,Student_654,7.7,93,75.5,B,Pass,83.95
694,Student_694,3.2,93,45.2,D,Pass,56.77
891,Student_891,7.5,93,97.4,A,Pass,96.69
480,Student_480,5.7,93,52.2,D,Pass,65.97
832,Student_832,5.1,93,69.99137749737118,C,Pass,75.4448264984227
877,Student_877,7.4,93,62.5,C,Pass,75.55
410,Student_410,1.8,93,96.2,A,Pass,84.57
399,Student_399,7.8,93,43.8,D,Pass,65.13
558,Student_558,1.3,93,81.2,B,Pass,74.57
794,Student_794,6.5,93,61.9,C,Pass,73.39
383,Student_383,6.7,93,79.4,B,Pass,84.29
360,Student_360,6.2,93,56.4,D,Pass,69.49
594,Student_594,4.1,93,56.8,D,Pass,65.53
1000,Student_1000,5.0,93,54.8,D,Pass,66.13
98,Student_98,4.8,93,49.1,D,Pass,62.31
58,Student_58,2.8,93,62.8,C,Pass,66.53
67,Student_67,2.3,93,81.7,B,Pass,76.87
81,Student_81,8.8,93,48.8,D,Pass,70.13
100,Student_100,2.0,93,86.8,B,Pass,79.33
833,Student_833,2.3,92,58.1,D,Pass,62.46
717,Student_717,8.5,92,43.1,D,Pass,65.86
259,Student_259,6.1,92,52.8,D,Pass,66.88
251,Student_251,3.7,92,72.7,C,Pass,74.02000000000001
691,Student_691,3.9,92,69.99137749737118,C,Pass,72.7948264984227
63,Student_63,8.5,92,58.3,D,Pass,74.97999999999999
242,Student_242,9.6,92,95.1,A,Pass,99.26
683,Student_683,2.5,92,40.5,D,Pass,52.3
150,Student_150,3.5,92,45.9,D,Pass,57.54
646,Student_646,9.0,92,59.0,D,Pass,76.4
132,Student_132,3.0,92,65.0,C,Pass,68.0
641,Student_641,1.2,92,89.8,B,Pass,79.28
837,Student_837,9.2,92,60.5,C,Pass,77.69999999999999
826,Student_826,9.3,92,72.5,C,Pass,85.1
245,Student_245,1.1,91,67.6,C,Pass,65.50999999999999
893,Student_893,8.5,91,46.6,D,Pass,67.71000000000001
256,Student_256,6.0,91,47.9,D,Pass,63.489999999999995
80,Student_80,2.0,91,63.9,C,Pass,65.09
885,Student_885,8.2,91,91.9,A,Pass,94.28999999999999
957,Student_957,5.7,91,95.8,A,Pass,91.63
593,Student_593,2.6,91,95.1,A,Pass,85.01
479,Student_479,9.7,91,97.9,A,Pass,100.89000000000001
166,Student_166,8.5,91,55.3,D,Pass,72.93
884,Student_884,1.9,91,74.6,C,Pass,71.30999999999999
51,Student_51,9.7,91,69.8,C,Pass,84.03
194,Student_194,6.7,91,79.7,B,Pass,83.97
969,Student_969,6.1,91,93.3,A,Pass,90.92999999999999
84,Student_84,1.6,91,41.5,D,Pass,50.85
906,Student_906,9.0,91,69.99137749737118,C,Pass,82.7448264984227
511,Student_511,6.5,91,65.1,C,Pass,74.81
701,Student_701,5.8,91,82.1,B,Pass,83.60999999999999
863,Student_863,5.7,91,92.2,A,Pass,89.47
679,Student_679,9.7,91,56.8,D,Pass,76.22999999999999
575,Student_575,8.8,91,86.0,B,Pass,91.94999999999999
742,Student_742,3.7,90,83.4,B,Pass,79.94
21,Student_21,6.5,90,87.7,B,Pass,88.12
636,Student_636,5.0,90,75.9,B,Pass,78.03999999999999
959,Student_959,2.5,90,94.4,A,Pass,84.14
153,Student_153,2.3,90,59.5,D,Pass,62.8
240,Student_240,2.6,90,91.7,A,Pass,82.72000000000001
492,Student_492,6.6,90,87.6,B,Pass,88.26
750,Student_750,6.6,90,57.7,D,Pass,70.32
463,Student_463,7.7,90,92.2,A,Pass,93.22
291,Student_291,1.3,90,42.1,D,Pass,50.36000000000001
438,Student_438,8.4,90,67.5,C,Pass,79.8
344,Student_344,4.9,90,78.6,B,Pass,79.46
510,Student_510,7.5,90,98.0,A,Pass,96.3
185,Student_185,3.3,90,44.3,D,Pass,55.68
757,Student_757,6.6,90,83.8,B,Pass,85.98
602,Student_602,3.5,90,83.6,B,Pass,79.66
538,Student_538,3.2,90,60.1,C,Pass,64.96000000000001
565,Student_565,4.2,90,78.6,B,Pass,78.06
277,Student_277,8.2,90,99.5,A,Pass,98.6
444,Student_444,4.3,90,67.7,C,Pass,71.72
984,Student_984,1.7,90,56.3,D,Pass,59.67999999999999
770,Student_770,8.4,90,95.0,A,Pass,96.3
582,Student_582,9.8,89,46.7,D,Pass,69.87
482,Student_482,7.3,89,57.2,D,Pass,71.17
236,Student_236,7.5,89,93.2,A,Pass,93.17
456,Student_456,5.4,89,49.9,D,Pass,62.989999999999995
227,Student_227,9.8,89,53.5,D,Pass,73.95
197,Student_197,7.5,89,45.9,D,Pass,64.78999999999999
225,Student_225,3.4,89,60.3,C,Pass,65.23
279,Student_279,7.3,89,64.1,C,Pass,75.30999999999999
219,Student_219,6.8,89,76.1,B,Pass,81.50999999999999
726,Student_726,8.6,89,47.3,D,Pass,67.83
975,Student_975,1.3,89,81.0,B,Pass,73.44999999999999
619,Student_619,8.3,89,69.99137749737118,C,Pass,80.84482649842269
64,Student_64,4.2,89,44.9,D,Pass,57.589999999999996
52,Student_52,8.0,88,99.5,A,Pass,97.69999999999999
473,Student_473,1.4,88,69.9,C,Pass,66.74000000000001
971,Student_971,7.0,88,67.0,C,Pass,76.19999999999999
962,Student_962,6.4,88,53.6,D,Pass,66.96
261,Student_261,6.5,88,90.4,A,Pass,89.24000000000001
688,Student_688,3.5,88,88.2,B,Pass,81.92
134,Student_134,4.0,88,41.2,D,Pass,54.72
105,Student_105,9.2,88,81.7,B,Pass,89.42000000000002
345,Student_345,4.6,88,65.3,C,Pass,70.38
93,Student_93,7.8,88,46.3,D,Pass,65.38
574,Student_574,6.6,88,92.3,A,Pass,90.58
985,Student_985,7.6,88,69.8,C,Pass,79.08
605,Student_605,2.1,88,56.9,D,Pass,60.34
609,Student_609,5.5,88,72.4,C,Pass,76.44
879,Student_879,1.2,88,52.2,D,Pass,55.72
270,Student_270,3.6,88,78.2,B,Pass,76.12
48,Student_48,5.7,88,76.0,B,Pass,79.0
489,Student_489,9.6,88,72.0,C,Pass,84.39999999999999
958,Student_958,1.4,88,64.3,C,Pass,63.379999999999995
68,Student_68,8.2,88,60.8,C,Pass,74.88
470,Student_470,9.7,88,67.8,C,Pass,82.08
919,Student_919,7.9,88,89.7,B,Pass,91.61999999999999
709,Student_709,3.3,87,82.8,B,Pass,78.03
437,Student_437,1.7,87,44.9,D,Pass,52.089999999999996
600,Student_600,1.4,87,41.1,D,Pass,49.209999999999994
373,Student_373,1.8,87,44.8,D,Pass,52.23
414,Student_414,6.2,87,83.8,B,Pass,84.43
431,Student_431,2.3,87,46.9,D,Pass,54.49
695,Student_695,2.0,87,77.0,B,Pass,71.94999999999999
472,Student_472,9.7,87,72.3,C,Pass,84.53
248,Student_248,9.7,87,86.6,B,Pass,93.10999999999999
968,Student_968,3.7,87,47.4,D,Pass,57.589999999999996
204,Student_204,9.1,87,57.7,D,Pass,74.57
795,Student_795,1.2,87,53.1,D,Pass,56.01
761,Student_761,2.4,87,65.8,C,Pass,66.03
996,Student_996,1.8,87,82.4,B,Pass,74.78999999999999
764,Student_764,7.7,87,58.4,D,Pass,72.19
175,Student_175,6.8,87,69.99137749737118,C,Pass,77.3448264984227
651,Student_651,1.8,86,69.99137749737118,C,Pass,67.0948264984227
297,Student_297,7.9,86,48.9,D,Pass,66.64
536,Student_536,9.5,86,69.99137749737118,C,Pass,82.4948264984227
118,Student_118,2.7,86,58.4,D,Pass,61.94
555,Student_555,8.9,86,47.6,D,Pass,67.86
939,Student_939,2.1,86,46.7,D,Pass,53.72
672,Student_672,9.1,86,48.4,D,Pass,68.74
665,Student_665,1.9,86,70.4,C,Pass,67.54
649,Student_649,8.1,86,76.1,B,Pass,83.36
11,Student_11,1.2,86,97.5,A,Pass,82.4
598,Student_598,2.6,86,85.2,B,Pass,77.82000000000001
366,Student_366,4.5,86,92.4,A,Pass,85.94
130,Student_130,5.6,86,86.2,B,Pass,84.42
616,Student_616,9.3,86,57.8,D,Pass,74.78
976,Student_976,3.4,86,54.5,D,Pass,60.99999999999999
211,Student_211,5.9,86,86.5,B,Pass,85.2
647,Student_647,6.3,86,66.1,C,Pass,73.75999999999999
131,Student_131,4.8,86,40.7,D,Pass,55.52
913,Student_913,6.6,86,56.7,D,Pass,68.72
182,Student_182,2.0,86,42.5,D,Pass,51.0
62,Student_62,3.4,86,87.4,B,Pass,80.74
821,Student_821,8.2,86,57.3,D,Pass,72.28
566,Student_566,6.3,85,81.6,B,Pass,82.80999999999999
974,Student_974,2.9,85,44.3,D,Pass,53.629999999999995
524,Student_524,8.6,85,44.8,D,Pass,65.33
589,Student_589,2.2,85,46.6,D,Pass,53.61
842,Student_842,7.0,85,74.8,C,Pass,80.13
572,Student_572,8.1,85,79.2,B,Pass,84.97000000000001
918,Student_918,9.5,85,80.6,B,Pass,88.60999999999999
568,Student_568,4.9,85,69.99137749737118,C,Pass,73.04482649842271
924,Student_924,8.2,85,84.4,B,Pass,88.28999999999999
321,Student_321,5.9,85,76.2,B,Pass,78.77
864,Student_864,5.0,85,47.8,D,Pass,59.92999999999999
886,Student_886,2.6,85,98.8,A,Pass,85.73
303,Student_303,5.9,85,83.3,B,Pass,83.02999999999999
264,Student_264,5.7,85,75.4,B,Pass,77.89000000000001
412,Student_412,9.6,85,65.1,C,Pass,79.50999999999999
824,Student_824,4.6,85,63.1,C,Pass,68.31
978,Student_978,1.5,85,89.4,B,Pass,77.89
621,Student_621,2.7,85,91.1,A,Pass,81.31
246,Student_246,9.4,85,90.5,A,Pass,94.35
615,Student_615,8.9,84,75.9,B,Pass,84.33999999999999
342,Student_342,5.3,84,99.9,A,Pass,91.53999999999999
57,Student_57,1.8,84,89.0,B,Pass,78.0
174,Student_174,3.0,84,78.2,B,Pass,73.92
376,Student_376,3.9,84,66.2,C,Pass,68.52
586,Student_586,3.2,84,72.8,C,Pass,71.08000000000001
167,Student_167,3.9,84,90.5,A,Pass,83.1
931,Student_931,2.3,84,76.8,B,Pass,71.67999999999999
670,Student_670,3.6,84,68.3,C,Pass,69.17999999999999
322,Student_322,7.4,84,80.6,B,Pass,84.15999999999998
92,Student_92,7.4,84,66.4,C,Pass,75.64
543,Student_543,3.1,84,54.4,D,Pass,59.84
793,Student_793,5.6,84,76.3,B,Pass,77.98
284,Student_284,1.8,84,77.0,B,Pass,70.79999999999998
941,Student_941,3.5,84,96.9,A,Pass,86.14
952,Student_952,7.0,84,64.2,C,Pass,73.52000000000001
798,Student_798,6.1,84,81.3,B,Pass,81.98
163,Student_163,6.7,84,58.9,D,Pass,69.74
49,Student_49,5.9,84,70.9,C,Pass,75.34
860,Student_860,1.6,84,94.6,A,Pass,80.96
83,Student_83,4.0,84,69.99137749737118,C,Pass,70.9948264984227
201,Student_201,6.8,83,41.3,D,Pass,59.13
819,Student_819,1.5,83,69.99137749737118,C,Pass,65.7448264984227
571,Student_571,5.6,83,58.2,D,Pass,66.87
851,Student_851,1.6,83,74.2,C,Pass,68.47000000000001
567,Student_567,4.5,83,70.8,C,Pass,72.22999999999999
375,Student_375,1.6,83,69.8,C,Pass,65.83
478,Student_478,6.0,83,86.5,B,Pass,84.65
85,Student_85,3.8,83,48.1,D,Pass,57.21
192,Student_192,9.1,83,61.0,C,Pass,75.55
183,Student_183,9.3,83,45.1,D,Pass,66.41
933,Student_933,9.9,83,69.3,C,Pass,82.13
767,Student_767,7.9,83,87.9,B,Pass,89.29
714,Student_714,4.7,83,89.3,B,Pass,83.73
760,Student_760,8.1,83,81.5,B,Pass,85.85000000000001
226,Student_226,3.2,83,95.7,A,Pass,84.57000000000001
684,Student_684,7.0,83,53.1,D,Pass,66.61
281,Student_281,9.0,83,52.2,D,Pass,70.07
60,Student_60,3.9,83,92.1,A,Pass,83.80999999999999
139,Student_139,4.3,83,52.9,D,Pass,61.089999999999996
338,Student_338,7.3,83,45.3,D,Pass,62.529999999999994
151,Student_151,9.2,83,69.3,C,Pass,80.72999999999999
293,Student_293,8.4,83,52.1,D,Pass,68.81
336,Student_336,1.4,83,59.7,D,Pass,59.37
546,Student_546,4.2,82,67.0,C,Pass,69.1
585,Student_585,6.7,82,91.9,A,Pass,89.04
231,Student_231,8.2,82,76.8,B,Pass,82.97999999999999
674,Student_674,5.7,82,69.99137749737118,C,Pass,73.8948264984227
238,Student_238,1.2,82,57.2,D,Pass,57.22
436,Student_436,7.3,82,72.6,C,Pass,78.66
789,Student_789,5.2,82,44.3,D,Pass,57.48
934,Student_934,5.7,82,44.7,D,Pass,58.72
926,Student_926,1.2,82,85.2,B,Pass,74.02000000000001
454,Student_454,9.2,82,52.1,D,Pass,70.16
459,Student_459,1.5,82,71.2,C,Pass,66.22
461,Student_461,2.1,82,92.7,A,Pass,80.32000000000001
462,Student_462,6.8,82,92.8,A,Pass,89.78
466,Student_466,4.4,82,99.1,A,Pass,88.75999999999999
327,Student_327,6.0,82,44.6,D,Pass,59.260000000000005
734,Student_734,5.7,82,80.7,B,Pass,80.32000000000001
749,Student_749,9.2,82,65.3,C,Pass,78.08
982,Student_982,7.9,82,48.6,D,Pass,65.46
977,Student_977,6.4,82,82.8,B,Pass,82.98
77,Student_77,7.9,82,85.9,B,Pass,87.83999999999999
302,Student_302,5.8,81,66.9,C,Pass,71.99
90,Student_90,5.2,81,58.7,D,Pass,65.87
350,Student_350,6.6,81,90.4,A,Pass,87.69000000000001
173,Student_173,5.6,81,93.7,A,Pass,87.67
91,Student_91,2.1,81,70.4,C,Pass,66.69
258,Student_258,7.3,81,89.1,B,Pass,88.30999999999999
791,Student_791,2.4,81,58.7,D,Pass,60.269999999999996
457,Student_457,1.1,81,59.8,D,Pass,58.33
537,Student_537,8.6,81,89.7,B,Pass,91.27
448,Student_448,7.8,81,43.7,D,Pass,62.07
491,Student_491,5.1,81,81.8,B,Pass,79.53
292,Student_292,1.3,81,84.7,B,Pass,73.66999999999999
970,Student_970,5.3,81,70.2,C,Pass,72.97
432,Student_432,7.9,81,91.6,A,Pass,91.00999999999999
25,Student_25,5.1,81,49.1,D,Pass,59.91
564,Student_564,1.1,81,56.8,D,Pass,56.53
528,Student_528,3.5,81,89.1,B,Pass,80.71
993,Student_993,3.4,81,70.7,C,Pass,69.47
272,Student_272,8.3,81,49.6,D,Pass,66.61
331,Student_331,4.2,81,82.5,B,Pass,78.15
708,Student_708,8.3,81,94.5,A,Pass,93.54999999999998
221,Student_221,6.9,81,84.9,B,Pass,84.99
944,Student_944,8.5,81,71.4,C,Pass,80.09
876,Student_876,2.4,80,69.99137749737118,C,Pass,66.79482649842271
756,Student_756,8.1,80,60.6,C,Pass,72.56
430,Student_430,2.1,80,71.4,C,Pass,67.04
280,Student_280,8.2,80,88.0,B,Pass,89.19999999999999
689,Student_689,7.9,80,74.3,C,Pass,80.38
55,Student_55,6.4,80,95.8,A,Pass,90.27999999999999
881,Student_881,3.1,80,63.2,C,Pass,64.12
46,Student_46,7.0,80,63.8,C,Pass,72.28
490,Student_490,9.0,80,49.5,D,Pass,67.7
552,Student_552,8.7,80,68.3,C,Pass,78.38
7,Student_7,1.5,80,83.8,B,Pass,73.28
262,Student_262,9.9,80,84.0,B,Pass,90.2
625,Student_625,6.6,80,51.1,D,Pass,63.86
254,Student_254,3.9,80,42.6,D,Pass,53.36
737,Student_737,4.5,80,40.6,D,Pass,53.36
86,Student_86,3.9,79,97.8,A,Pass,86.22999999999999
288,Student_288,5.9,79,73.3,C,Pass,75.53
47,Student_47,3.8,79,66.8,C,Pass,67.42999999999999
114,Student_114,8.3,79,70.6,C,Pass,78.71
465,Student_465,9.7,79,67.1,C,Pass,79.41
103,Student_103,3.8,79,99.7,A,Pass,87.16999999999999
426,Student_426,5.9,79,53.5,D,Pass,63.650000000000006
873,Student_873,6.8,79,98.9,A,Pass,92.69
550,Student_550,8.0,79,61.1,C,Pass,72.41
865,Student_865,4.6,79,87.4,B,Pass,81.39
591,Student_591,2.2,79,42.5,D,Pass,49.65
109,Student_109,3.1,79,47.3,D,Pass,54.33
296,Student_296,5.7,79,59.6,D,Pass,66.91
635,Student_635,2.0,79,89.9,B,Pass,77.69
406,Student_406,9.1,79,41.3,D,Pass,62.730000000000004
260,Student_260,1.9,79,70.4,C,Pass,65.79
719,Student_719,2.1,79,43.6,D,Pass,50.11
707,Student_707,3.9,78,64.7,C,Pass,66.12
348,Student_348,1.4,78,47.1,D,Pass,50.56
814,Student_814,9.3,78,47.0,D,Pass,66.30000000000001
268,Student_268,7.3,78,81.3,B,Pass,82.88
347,Student_347,6.7,78,87.1,B,Pass,85.16
222,Student_222,6.1,78,88.7,B,Pass,84.92
339,Student_339,5.3,78,53.2,D,Pass,62.02
145,Student_145,3.6,78,69.3,C,Pass,68.28
325,Student_325,9.6,78,89.5,B,Pass,92.39999999999999
72,Student_72,2.8,78,48.0,D,Pass,53.9
319,Student_319,2.4,78,73.7,C,Pass,68.52
668,Student_668,2.4,78,69.99137749737118,C,Pass,66.29482649842271
390,Student_390,8.3,78,94.4,A,Pass,92.74000000000001
787,Student_787,6.3,78,78.2,B,Pass,79.02
398,Student_398,4.9,78,42.0,D,Pass,54.5
544,Student_544,7.0,78,48.5,D,Pass,62.599999999999994
687,Student_687,6.1,78,60.3,C,Pass,67.88
188,Student_188,6.0,78,97.4,A,Pass,89.94
632,Student_632,9.1,78,69.99137749737118,C,Pass,79.6948264984227
95,Student_95,7.9,78,53.0,D,Pass,67.1
97,Student_97,5.7,78,79.0,B,Pass,78.30000000000001
362,Student_362,6.8,78,57.9,D,Pass,67.83999999999999
298,Student_298,2.9,78,58.3,D,Pass,60.279999999999994
44,Student_44,9.2,78,73.2,C,Pass,81.82
857,Student_857,1.3,78,72.6,C,Pass,65.66
527,Student_527,4.7,78,91.5,A,Pass,83.80000000000001
655,Student_655,4.9,77,82.2,B,Pass,78.36999999999999
813,Student_813,2.1,77,94.0,A,Pass,79.85000000000001
540,Student_540,2.2,77,82.7,B,Pass,73.27000000000001
899,Student_899,1.1,77,93.0,A,Pass,77.25
645,Student_645,2.1,77,65.8,C,Pass,62.93
859,Student_859,6.1,77,97.8,A,Pass,90.13
557,Student_557,2.2,77,59.5,D,Pass,59.349999999999994
613,Student_613,6.7,77,68.1,C,Pass,73.50999999999999
744,Student_744,5.5,77,94.1,A,Pass,86.71
498,Student_498,1.7,77,48.4,D,Pass,51.69
942,Student_942,6.0,77,44.3,D,Pass,57.83
294,Student_294,4.2,77,97.5,A,Pass,86.15
237,Student_237,3.5,77,78.7,B,Pass,73.47
452,Student_452,6.0,77,69.99137749737118,C,Pass,73.2448264984227
187,Student_187,8.4,77,40.7,D,Pass,60.47
214,Student_214,3.0,77,42.5,D,Pass,50.75
361,Student_361,4.5,77,71.1,C,Pass,70.91
247,Student_247,4.9,76,83.7,B,Pass,79.02
393,Student_393,4.3,76,85.6,B,Pass,78.95999999999998
992,Student_992,7.3,76,40.0,D,Pass,57.6
306,Student_306,9.8,76,63.5,C,Pass,76.7
228,Student_228,4.5,76,62.3,C,Pass,65.38
912,Student_912,3.4,76,88.3,B,Pass,78.77999999999999
385,Student_385,7.6,76,44.1,D,Pass,60.66
275,Student_275,5.6,76,54.8,D,Pass,63.08
856,Student_856,2.7,76,68.5,C,Pass,65.5
729,Student_729,2.8,76,69.99137749737118,C,Pass,66.5948264984227
357,Student_357,1.2,76,41.6,D,Pass,46.36
208,Student_208,7.0,75,52.3,D,Pass,64.13
911,Student_911,6.3,75,69.99137749737118,C,Pass,73.3448264984227
508,Student_508,8.4,75,88.2,B,Pass,88.47
967,Student_967,7.5,75,78.9,B,Pass,81.09
152,Student_152,3.2,75,49.0,D,Pass,54.55
871,Student_871,4.4,75,48.9,D,Pass,56.89
716,Student_716,9.4,75,78.2,B,Pass,84.47
743,Student_743,7.7,75,47.2,D,Pass,62.47
23,Student_23,3.6,75,69.99137749737118,C,Pass,67.9448264984227
65,Student_65,3.5,75,64.2,C,Pass,64.27000000000001
723,Student_723,1.6,75,63.0,C,Pass,59.75
314,Student_314,9.7,75,75.3,B,Pass,83.33
815,Student_815,8.8,75,97.4,A,Pass,94.78999999999999
468,Student_468,8.8,75,41.6,D,Pass,61.31
31,Student_31,6.5,75,77.4,B,Pass,78.19
474,Student_474,9.0,75,46.3,D,Pass,64.53
667,Student_667,3.2,75,44.3,D,Pass,51.73
20,Student_20,3.6,75,79.9,B,Pass,73.89
335,Student_335,1.4,75,48.8,D,Pass,50.83
796,Student_796,8.8,75,99.3,A,Pass,95.93
808,Student_808,9.3,75,49.6,D,Pass,67.11
587,Student_587,1.7,75,62.8,C,Pass,59.83
901,Student_901,2.9,75,70.6,C,Pass,66.91
606,Student_606,5.1,74,92.4,A,Pass,84.14
612,Student_612,8.2,74,69.99137749737118,C,Pass,76.8948264984227
405,Student_405,3.9,74,94.0,A,Pass,82.7
388,Student_388,2.6,74,55.7,D,Pass,57.120000000000005
872,Student_872,3.4,74,67.8,C,Pass,65.98
119,Student_119,9.0,74,77.4,B,Pass,82.94
17,Student_17,3.7,74,67.0,C,Pass,66.1
140,Student_140,9.7,74,40.7,D,Pass,62.32
731,Student_731,2.5,74,61.3,C,Pass,60.279999999999994
685,Student_685,9.4,74,42.2,D,Pass,62.620000000000005
950,Student_950,6.4,74,43.0,D,Pass,57.099999999999994
74,Student_74,8.3,74,95.4,A,Pass,92.34
244,Student_244,4.3,74,85.3,B,Pass,78.28
198,Student_198,9.1,74,69.99137749737118,C,Pass,78.6948264984227
816,Student_816,5.7,74,58.8,D,Pass,65.17999999999999
104,Student_104,5.6,74,43.5,D,Pass,55.8
841,Student_841,1.1,74,60.8,C,Pass,57.18
921,Student_921,8.8,74,40.9,D,Pass,60.64
178,Student_178,4.5,74,49.0,D,Pass,56.9
15,Student_15,2.6,74,72.1,C,Pass,66.96
788,Student_788,4.6,74,60.4,C,Pass,63.94
778,Student_778,7.5,74,62.5,C,Pass,71.0
191,Student_191,1.8,74,57.8,D,Pass,56.78
378,Student_378,1.2,74,85.9,B,Pass,72.44
519,Student_519,9.9,74,40.8,D,Pass,62.78
751,Student_751,2.1,74,69.2,C,Pass,64.22
435,Student_435,1.8,74,82.5,B,Pass,71.6
4,Student_4,6.4,73,99.6,A,Pass,90.80999999999999
560,Student_560,6.6,73,50.5,D,Pass,61.75
418,Student_418,4.0,73,51.9,D,Pass,57.39
136,Student_136,3.9,73,85.6,B,Pass,77.40999999999998
400,Student_400,7.8,73,94.4,A,Pass,90.49
905,Student_905,4.8,73,68.6,C,Pass,69.00999999999999
443,Student_443,4.4,73,80.1,B,Pass,75.11
916,Student_916,4.9,73,40.5,D,Pass,52.349999999999994
171,Student_171,7.1,73,78.2,B,Pass,79.37
233,Student_233,6.2,73,54.4,D,Pass,63.29
379,Student_379,8.3,73,49.5,D,Pass,64.55000000000001
553,Student_553,6.0,73,98.7,A,Pass,89.47
776,Student_776,2.3,73,82.3,B,Pass,72.22999999999999
682,Student_682,3.3,73,40.3,D,Pass,49.029999999999994
202,Student_202,1.8,73,44.9,D,Pass,48.79
127,Student_127,8.4,73,64.8,C,Pass,73.92999999999999
908,Student_908,4.1,73,81.6,B,Pass,75.41
963,Student_963,3.2,73,78.4,B,Pass,71.69
282,Student_282,4.0,73,73.3,C,Pass,70.22999999999999
56,Student_56,9.3,73,47.0,D,Pass,65.05000000000001
43,Student_43,1.3,72,96.2,A,Pass,78.32
160,Student_160,7.6,72,93.5,A,Pass,89.3
836,Student_836,4.8,72,43.5,D,Pass,53.699999999999996
592,Student_592,6.8,72,84.4,B,Pass,82.24
828,Student_828,4.1,72,69.99137749737118,C,Pass,68.1948264984227
516,Student_516,1.2,72,92.9,A,Pass,76.14000000000001
697,Student_697,3.6,72,60.7,C,Pass,61.620000000000005
10,Student_10,7.4,72,73.7,C,Pass,77.02
693,Student_693,5.6,72,63.8,C,Pass,67.47999999999999
334,Student_334,2.0,72,66.4,C,Pass,61.84
255,Student_255,2.5,72,49.9,D,Pass,52.94
771,Student_771,2.0,72,65.9,C,Pass,61.54
623,Student_623,4.3,72,75.6,B,Pass,71.96
66,Student_66,5.9,72,50.4,D,Pass,60.03999999999999
30,Student_30,1.4,72,71.3,C,Pass,63.57999999999999
355,Student_355,1.6,71,61.7,C,Pass,57.970000000000006
299,Student_299,6.6,71,92.6,A,Pass,86.51
33,Student_33,1.6,71,85.3,B,Pass,72.13000000000001
898,Student_898,9.1,71,43.7,D,Pass,62.17
896,Student_896,2.8,71,90.8,A,Pass,77.82999999999998
309,Student_309,8.2,71,40.2,D,Pass,58.27
313,Student_313,1.2,71,45.6,D,Pass,47.51
712,Student_712,6.4,71,89.4,B,Pass,84.19
849,Student_849,5.5,71,92.8,A,Pass,84.43
73,Student_73,1.0,71,91.7,A,Pass,74.77000000000001
469,Student_469,3.0,71,43.9,D,Pass,50.09
451,Student_451,8.0,71,67.6,C,Pass,74.31
937,Student_937,1.2,71,44.0,D,Pass,46.55
441,Student_441,1.8,71,96.7,A,Pass,79.36999999999999
535,Student_535,7.9,71,61.5,C,Pass,70.45
416,Student_416,5.0,71,55.4,D,Pass,60.989999999999995
507,Student_507,9.2,71,92.9,A,Pass,91.89000000000001
835,Student_835,5.5,70,51.7,D,Pass,59.519999999999996
785,Student_785,2.6,70,41.5,D,Pass,47.6
807,Student_807,9.4,70,63.3,C,Pass,74.28
847,Student_847,1.8,70,64.1,C,Pass,59.559999999999995
363,Student_363,5.1,70,96.4,A,Pass,85.54
897,Student_897,3.6,70,93.6,A,Pass,80.86
551,Student_551,5.7,70,90.5,A,Pass,83.2
954,Student_954,9.2,70,53.9,D,Pass,68.24
424,Student_424,5.4,70,46.8,D,Pass,56.379999999999995
935,Student_935,2.5,70,64.5,C,Pass,61.199999999999996
994,Student_994,6.3,70,42.8,D,Pass,55.779999999999994
32,Student_32,2.5,70,45.3,D,Pass,49.67999999999999
779,Student_779,7.5,70,50.0,D,Pass,62.5
8,Student_8,8.8,70,67.9,C,Pass,75.84
583,Student_583,5.4,70,66.8,C,Pass,68.38
704,Student_704,2.2,70,56.5,D,Pass,55.8
354,Student_354,2.5,69,51.1,D,Pass,52.91
144,Student_144,3.7,69,97.6,A,Pass,83.21000000000001
639,Student_639,3.4,69,94.6,A,Pass,80.80999999999999
887,Student_887,6.9,69,64.5,C,Pass,69.75
499,Student_499,9.8,69,52.1,D,Pass,68.11
559,Student_559,7.8,69,44.2,D,Pass,59.37
402,Student_402,9.1,69,71.9,C,Pass,78.59
680,Student_680,8.8,69,52.4,D,Pass,66.28999999999999
554,Student_554,6.0,69,78.0,B,Pass,76.05
607,Student_607,2.9,69,46.8,D,Pass,51.129999999999995
301,Student_301,1.5,69,62.1,C,Pass,57.51
666,Student_666,2.4,69,78.0,B,Pass,68.85
411,Student_411,3.9,69,43.1,D,Pass,50.91
644,Student_644,3.9,69,71.0,C,Pass,67.65
367,Student_367,9.7,69,90.5,A,Pass,90.94999999999999
453,Student_453,4.8,69,87.2,B,Pass,79.16999999999999
503,Student_503,3.8,69,49.1,D,Pass,54.31
696,Student_696,6.5,69,46.8,D,Pass,58.33
660,Student_660,6.1,69,69.3,C,Pass,71.03
164,Student_164,5.8,69,81.3,B,Pass,77.63
106,Student_106,3.2,69,99.0,A,Pass,83.05000000000001
772,Student_772,8.6,68,59.1,D,Pass,69.66
234,Student_234,5.4,68,47.3,D,Pass,56.17999999999999
850,Student_850,6.4,68,69.99137749737118,C,Pass,71.79482649842271
765,Student_765,1.3,68,87.3,B,Pass,71.97999999999999
736,Student_736,8.9,68,75.6,B,Pass,80.16
917,Student_917,3.7,68,69.99137749737118,C,Pass,66.3948264984227
965,Student_965,3.6,68,76.2,B,Pass,69.92
534,Student_534,6.0,68,67.6,C,Pass,69.56
369,Student_369,2.8,68,88.2,B,Pass,75.52
287,Student_287,5.2,68,87.0,B,Pass,79.6
786,Student_786,9.2,68,78.7,B,Pass,82.62
923,Student_923,9.1,68,69.99137749737118,C,Pass,77.1948264984227
522,Student_522,4.4,68,83.2,B,Pass,75.72
5,Student_5,2.4,68,79.7,B,Pass,69.61999999999999
16,Student_16,2.7,67,45.8,D,Pass,49.629999999999995
721,Student_721,9.4,67,81.2,B,Pass,84.27
263,Student_263,2.3,67,72.5,C,Pass,64.85
425,Student_425,1.5,67,49.1,D,Pass,49.21
50,Student_50,2.7,67,95.2,A,Pass,79.27000000000001
427,Student_427,5.0,67,55.1,D,Pass,59.81
117,Student_117,8.2,67,76.9,B,Pass,79.28999999999999
866,Student_866,6.0,67,47.5,D,Pass,57.25
533,Student_533,10.0,67,89.3,B,Pass,90.33
514,Student_514,8.8,67,78.1,B,Pass,81.21
89,Student_89,9.0,67,65.9,C,Pass,74.28999999999999
315,Student_315,8.5,67,68.9,C,Pass,75.09
581,Student_581,5.1,67,73.6,C,Pass,71.11
209,Student_209,1.0,67,47.3,D,Pass,47.129999999999995
381,Student_381,2.1,67,48.1,D,Pass,49.81
922,Student_922,5.4,67,84.3,B,Pass,78.13
955,Student_955,4.8,67,56.9,D,Pass,60.49
531,Student_531,8.3,67,58.9,D,Pass,68.69
169,Student_169,1.4,67,94.1,A,Pass,76.00999999999999
768,Student_768,8.9,67,89.3,B,Pass,88.13
76,Student_76,7.6,67,76.4,B,Pass,77.79
45,Student_45,3.3,67,58.3,D,Pass,58.33
389,Student_389,7.8,66,54.8,D,Pass,64.97999999999999
422,Student_422,8.1,66,76.5,B,Pass,78.6
53,Student_53,9.5,66,91.1,A,Pass,90.16
29,Student_29,6.3,66,90.5,A,Pass,83.39999999999999
445,Student_445,8.3,66,64.7,C,Pass,71.92
307,Student_307,5.6,66,64.8,C,Pass,66.58
310,Student_310,3.4,66,77.2,B,Pass,69.62
170,Student_170,6.3,66,67.7,C,Pass,69.72
611,Student_611,1.4,66,54.5,D,Pass,51.99999999999999
936,Student_936,3.5,66,64.4,C,Pass,62.14
9,Student_9,6.4,66,43.6,D,Pass,55.459999999999994
217,Student_217,3.9,66,57.6,D,Pass,58.86
341,Student_341,5.4,66,84.1,B,Pass,77.75999999999999
722,Student_722,2.6,66,46.9,D,Pass,49.84
409,Student_409,9.1,66,73.6,C,Pass,78.86
278,Student_278,6.8,66,46.0,D,Pass,57.699999999999996
359,Student_359,9.5,66,89.9,B,Pass,89.44
12,Student_12,9.7,65,50.5,D,Pass,65.94999999999999
384,Student_384,8.9,65,97.4,A,Pass,92.49
78,Student_78,1.7,65,50.5,D,Pass,49.949999999999996
365,Student_365,9.5,65,65.8,C,Pass,74.72999999999999
3,Student_3,7.6,65,80.2,B,Pass,79.57000000000001
699,Student_699,2.4,65,92.5,A,Pass,76.55
838,Student_838,4.3,65,56.2,D,Pass,58.57
909,Student_909,3.3,65,48.1,D,Pass,51.71
99,Student_99,1.2,65,43.7,D,Pass,44.87
504,Student_504,8.3,65,66.4,C,Pass,72.69
630,Student_630,3.3,65,75.0,B,Pass,67.85
27,Student_27,2.8,65,95.6,A,Pass,79.20999999999998
738,Student_738,8.3,65,78.2,B,Pass,79.77000000000001
450,Student_450,1.8,65,88.4,B,Pass,72.88999999999999
235,Student_235,2.8,65,69.99137749737118,C,Pass,63.844826498422705
862,Student_862,5.1,65,72.0,C,Pass,69.64999999999999
840,Student_840,6.7,64,73.5,C,Pass,73.5
822,Student_822,1.0,64,97.7,A,Pass,76.62
203,Student_203,2.5,64,98.1,A,Pass,79.85999999999999
477,Student_477,1.7,64,62.8,C,Pass,57.08
825,Student_825,5.8,64,60.4,C,Pass,63.839999999999996
36,Student_36,8.3,64,86.9,B,Pass,84.74000000000001
196,Student_196,4.1,64,50.4,D,Pass,54.44
780,Student_780,6.8,64,65.8,C,Pass,69.08
784,Student_784,4.1,64,49.3,D,Pass,53.78
449,Student_449,4.4,64,70.8,C,Pass,67.28
845,Student_845,2.3,64,77.6,B,Pass,67.16
584,Student_584,4.0,64,67.6,C,Pass,64.56
125,Student_125,3.1,64,51.7,D,Pass,53.22
374,Student_374,7.1,64,83.7,B,Pass,80.42
404,Student_404,8.4,64,60.8,C,Pass,69.28
903,Student_903,2.6,64,95.6,A,Pass,78.55999999999999
69,Student_69,1.7,64,98.5,A,Pass,78.5
657,Student_657,3.6,64,70.7,C,Pass,65.62
570,Student_570,4.1,64,42.0,D,Pass,49.400000000000006
545,Student_545,6.6,64,60.9,C,Pass,65.74
392,Student_392,4.7,64,56.3,D,Pass,59.17999999999999
330,Student_330,3.2,64,87.1,B,Pass,74.66
123,Student_123,3.9,64,93.2,A,Pass,79.72
295,Student_295,2.1,64,62.1,C,Pass,57.46
382,Student_382,7.3,64,85.1,B,Pass,81.66
940,Student_940,6.2,64,88.5,B,Pass,81.5
19,Student_19,4.9,64,60.9,C,Pass,62.34
346,Student_346,6.5,64,78.2,B,Pass,75.92
604,Student_604,1.8,63,89.8,B,Pass,73.22999999999999
801,Student_801,7.4,63,41.7,D,Pass,55.56999999999999
181,Student_181,4.1,63,80.8,B,Pass,72.42999999999999
512,Student_512,4.8,63,99.0,A,Pass,84.75
353,Student_353,6.9,63,75.3,B,Pass,74.73
629,Student_629,1.3,63,42.1,D,Pass,43.61000000000001
317,Student_317,4.7,63,43.9,D,Pass,51.49
662,Student_662,9.9,63,97.0,A,Pass,93.74999999999999
739,Student_739,5.0,63,94.8,A,Pass,82.63
852,Student_852,7.7,63,77.2,B,Pass,77.47
596,Student_596,5.3,63,57.5,D,Pass,60.85
948,Student_948,9.1,63,87.7,B,Pass,86.57000000000001
54,Student_54,9.1,63,52.5,D,Pass,65.45
407,Student_407,4.5,63,79.8,B,Pass,72.63
595,Student_595,9.1,63,91.5,A,Pass,88.85000000000001
266,Student_266,7.7,63,57.9,D,Pass,65.89
677,Student_677,2.0,63,51.8,D,Pass,50.83
35,Student_35,9.7,63,89.6,B,Pass,88.91
113,Student_113,9.4,63,43.7,D,Pass,60.769999999999996
87,Student_87,7.6,62,73.0,C,Pass,74.5
267,Student_267,7.3,62,73.9,C,Pass,74.44
769,Student_769,4.1,62,91.5,A,Pass,78.60000000000001
176,Student_176,2.6,62,44.0,D,Pass,47.1
88,Student_88,6.7,62,97.9,A,Pass,87.64000000000001
421,Student_421,8.1,62,69.99137749737118,C,Pass,73.6948264984227
987,Student_987,7.2,62,69.99137749737118,C,Pass,71.8948264984227
75,Student_75,7.4,62,69.2,C,Pass,71.82000000000001
343,Student_343,2.6,62,96.0,A,Pass,78.3
869,Student_869,8.8,62,92.6,A,Pass,88.66
464,Student_464,6.3,62,54.3,D,Pass,60.68
467,Student_467,3.6,62,86.3,B,Pass,74.48
241,Student_241,9.5,62,90.8,A,Pass,88.97999999999999
848,Student_848,10.0,62,99.6,A,Pass,95.25999999999999
755,Student_755,2.3,62,73.5,C,Pass,64.2
895,Student_895,7.0,62,66.3,C,Pass,69.28
949,Student_949,8.9,62,82.4,B,Pass,82.74
518,Student_518,8.3,62,49.7,D,Pass,61.92
880,Student_880,3.0,62,85.7,B,Pass,72.92
229,Student_229,9.0,62,65.9,C,Pass,73.03999999999999
273,Student_273,8.8,62,67.7,C,Pass,73.72
216,Student_216,3.1,62,87.9,B,Pass,74.44000000000001
138,Student_138,7.3,62,72.1,C,Pass,73.36
753,Student_753,6.6,62,42.6,D,Pass,54.260000000000005
213,Student_213,6.9,62,71.8,C,Pass,72.38
634,Student_634,5.8,61,43.8,D,Pass,53.13
620,Student_620,7.7,61,94.2,A,Pass,87.17000000000002
494,Student_494,2.7,61,91.4,A,Pass,75.49000000000001
817,Student_817,6.3,61,93.3,A,Pass,83.82999999999998
18,Student_18,5.7,61,85.4,B,Pass,77.89000000000001
380,Student_380,3.5,61,76.6,B,Pass,68.21
129,Student_129,1.1,61,84.0,B,Pass,67.85000000000001
782,Student_782,5.9,61,93.4,A,Pass,83.08999999999999
446,Student_446,9.5,61,79.1,B,Pass,81.71
578,Student_578,9.3,61,55.6,D,Pass,67.21000000000001
269,Student_269,4.2,61,92.4,A,Pass,79.09
642,Student_642,3.9,61,92.7,A,Pass,78.67
548,Student_548,7.0,61,79.1,B,Pass,76.71
320,Student_320,3.3,61,73.6,C,Pass,66.00999999999999
515,Student_515,1.4,61,50.0,D,Pass,48.05
517,Student_517,4.4,61,65.6,C,Pass,63.41
308,Student_308,3.9,61,81.7,B,Pass,72.07000000000001
323,Student_323,6.9,61,88.3,B,Pass,82.02999999999999
728,Student_728,8.2,61,85.1,B,Pass,82.71000000000001
650,Student_650,5.5,61,93.6,A,Pass,82.41
678,Student_678,4.6,61,76.6,B,Pass,70.41
193,Student_193,9.1,61,86.5,B,Pass,85.35000000000001
2,Student_2,9.6,61,60.0,C,Pass,70.45
433,Student_433,6.6,60,83.4,B,Pass,78.24
961,Student_961,1.7,60,68.6,C,Pass,59.559999999999995
137,Student_137,5.7,60,69.99137749737118,C,Pass,68.3948264984227
945,Student_945,2.9,60,58.0,D,Pass,55.599999999999994
483,Student_483,5.1,60,87.6,B,Pass,77.76
349,Student_349,4.4,60,64.6,C,Pass,62.56
843,Student_843,2.6,60,48.4,D,Pass,49.24
420,Student_420,7.8,60,67.8,C,Pass,71.28
513,Student_513,9.4,60,80.1,B,Pass,81.86
502,Student_502,5.8,60,79.3,B,Pass,74.17999999999999
326,Student_326,7.6,60,69.9,C,Pass,72.14
440,Student_440,1.7,60,49.9,D,Pass,48.339999999999996
774,Student_774,4.6,60,62.3,C,Pass,61.58
874,Student_874,4.7,60,69.0,C,Pass,65.8
626,Student_626,4.3,60,44.7,D,Pass,50.42
184,Student_184,8.9,60,83.0,B,Pass,82.6
200,Student_200,8.0,60,55.9,D,Pass,64.53999999999999
333,Student_333,1.1,60,71.0,C,Pass,59.800000000000004
797,Student_797,9.4,60,67.2,C,Pass,74.12
758,Student_758,5.8,60,79.1,B,Pass,74.05999999999999
356,Student_356,6.8,60,60.1,C,Pass,64.66
920,Student_920,2.3,59,57.7,D,Pass,53.97
904,Student_904,6.2,59,41.1,D,Pass,51.809999999999995
290,Student_290,6.3,59,85.7,B,Pass,78.77
541,Student_541,9.6,59,89.6,B,Pass,87.71
631,Student_631,7.4,59,99.7,A,Pass,89.36999999999999
718,Student_718,9.7,59,55.5,D,Pass,67.44999999999999
946,Student_946,1.1,59,44.6,D,Pass,43.71000000000001
257,Student_257,9.4,59,83.6,B,Pass,83.71
627,Student_627,5.2,59,54.4,D,Pass,57.79
102,Student_102,6.7,59,43.5,D,Pass,54.24999999999999
26,Student_26,8.1,59,99.5,A,Pass,90.64999999999999
802,Student_802,2.4,59,70.3,C,Pass,61.73
925,Student_925,4.8,59,69.99137749737118,C,Pass,66.3448264984227
455,Student_455,2.0,59,55.5,D,Pass,52.05
878,Student_878,6.9,59,57.1,D,Pass,62.81
149,Student_149,1.5,59,90.7,A,Pass,72.17
311,Student_311,5.0,59,61.3,C,Pass,61.529999999999994
633,Student_633,5.6,59,69.99137749737118,C,Pass,67.9448264984227
980,Student_980,6.4,58,73.2,C,Pass,71.22
947,Student_947,2.2,58,70.0,C,Pass,60.9
902,Student_902,1.2,58,77.6,B,Pass,63.459999999999994
900,Student_900,1.8,58,66.9,C,Pass,58.24
162,Student_162,6.7,58,87.2,B,Pass,80.22
124,Student_124,2.0,58,67.0,C,Pass,58.699999999999996
805,Student_805,4.8,58,42.3,D,Pass,49.48
486,Student_486,9.1,58,87.9,B,Pass,85.44000000000001
488,Student_488,3.5,58,94.9,A,Pass,78.44
754,Student_754,4.0,58,47.4,D,Pass,50.94
38,Student_38,1.9,58,42.2,D,Pass,43.62
413,Student_413,9.6,58,55.6,D,Pass,67.06
195,Student_195,4.1,58,51.1,D,Pass,53.36
189,Student_189,5.8,58,84.3,B,Pass,76.67999999999999
179,Student_179,9.4,58,84.2,B,Pass,83.82000000000001
664,Student_664,3.1,58,84.6,B,Pass,71.46
748,Student_748,5.9,58,40.7,D,Pass,50.72
706,Student_706,9.9,57,65.3,C,Pass,73.23
702,Student_702,1.5,57,99.6,A,Pass,77.00999999999999
724,Student_724,7.7,57,67.4,C,Pass,70.09
419,Student_419,7.1,57,73.9,C,Pass,72.79
730,Student_730,2.5,57,44.8,D,Pass,46.129999999999995
640,Student_640,4.4,57,80.2,B,Pass,71.17
423,Student_423,1.8,57,61.0,C,Pass,54.45
439,Student_439,7.4,57,69.1,C,Pass,70.50999999999999
143,Student_143,5.5,57,88.1,B,Pass,78.10999999999999
386,Student_386,8.2,57,43.4,D,Pass,56.69
861,Student_861,8.0,57,83.3,B,Pass,80.22999999999999
907,Student_907,8.4,57,83.4,B,Pass,81.08999999999999
14,Student_14,2.9,57,52.1,D,Pass,51.309999999999995
41,Student_41,2.1,57,61.6,C,Pass,55.410000000000004
997,Student_997,9.3,57,43.8,D,Pass,59.13
995,Student_995,4.2,57,56.6,D,Pass,56.61
588,Student_588,2.2,57,98.6,A,Pass,77.81
809,Student_809,5.1,57,41.4,D,Pass,49.290000000000006
526,Student_526,5.2,57,51.2,D,Pass,55.37
496,Student_496,4.2,57,56.6,D,Pass,56.61
799,Student_799,7.3,57,48.4,D,Pass,57.89
495,Student_495,5.2,57,94.4,A,Pass,81.29
205,Student_205,6.5,57,86.2,B,Pass,78.97
981,Student_981,4.0,57,71.2,C,Pass,64.97
391,Student_391,9.9,57,55.0,D,Pass,67.05
6,Student_6,2.4,57,73.5,C,Pass,63.15
889,Student_889,1.9,56,69.99137749737118,C,Pass,59.7948264984227
408,Student_408,1.1,56,97.8,A,Pass,74.88
882,Student_882,7.0,56,70.7,C,Pass,70.42
396,Student_396,9.4,56,43.9,D,Pass,59.14
34,Student_34,9.5,56,47.7,D,Pass,61.620000000000005
501,Student_501,7.3,56,93.6,A,Pass,84.75999999999999
943,Student_943,6.9,56,97.3,A,Pass,86.17999999999999
777,Student_777,3.1,56,81.3,B,Pass,68.97999999999999
37,Student_37,3.7,56,82.5,B,Pass,70.9
953,Student_953,2.6,56,57.7,D,Pass,53.82
547,Student_547,2.0,56,84.9,B,Pass,68.94
324,Student_324,3.5,56,56.2,D,Pass,54.72
289,Student_289,3.6,56,40.3,D,Pass,45.379999999999995
28,Student_28,5.6,56,72.4,C,Pass,68.64
141,Student_141,9.7,56,69.99137749737118,C,Pass,75.3948264984227
249,Student_249,9.7,56,79.4,B,Pass,81.03999999999999
875,Student_875,1.2,56,91.8,A,Pass,71.48
783,Student_783,3.3,56,60.8,C,Pass,57.08
532,Student_532,10.0,55,68.3,C,Pass,74.72999999999999
506,Student_506,2.5,55,45.0,D,Pass,45.75
983,Student_983,2.0,55,86.5,B,Pass,69.65
232,Student_232,5.5,55,96.6,A,Pass,82.71
156,Student_156,3.2,55,62.6,C,Pass,57.71
210,Student_210,2.4,55,76.9,B,Pass,64.69
485,Student_485,6.3,55,78.1,B,Pass,73.21
13,Student_13,8.5,55,69.99137749737118,C,Pass,72.7448264984227
286,Student_286,1.3,55,61.3,C,Pass,53.129999999999995
133,Student_133,2.1,55,68.9,C,Pass,59.290000000000006
368,Student_368,9.1,55,51.2,D,Pass,62.67
328,Student_328,6.5,55,43.5,D,Pass,52.849999999999994
829,Student_829,7.6,55,72.5,C,Pass,72.45
487,Student_487,1.4,55,63.8,C,Pass,54.82999999999999
610,Student_610,7.2,55,45.8,D,Pass,55.629999999999995
766,Student_766,6.1,55,66.8,C,Pass,66.03
671,Student_671,2.6,55,42.7,D,Pass,44.57000000000001
658,Student_658,4.3,55,46.3,D,Pass,50.13
812,Student_812,8.6,55,57.4,D,Pass,65.39
747,Student_747,4.5,55,48.5,D,Pass,51.849999999999994
573,Student_573,4.6,55,96.3,A,Pass,80.73
638,Student_638,3.2,54,45.6,D,Pass,47.26
107,Student_107,4.7,54,54.4,D,Pass,55.54
710,Student_710,7.1,54,76.5,B,Pass,73.6
599,Student_599,2.7,54,88.3,B,Pass,71.88
673,Student_673,1.7,54,56.6,D,Pass,50.86
990,Student_990,8.4,54,84.9,B,Pass,81.24
928,Student_928,5.9,54,79.5,B,Pass,73.0
741,Student_741,5.2,54,92.4,A,Pass,79.34
206,Student_206,1.1,54,77.5,B,Pass,62.2
199,Student_199,9.0,54,85.9,B,Pass,83.03999999999999
157,Student_157,7.0,54,69.99137749737118,C,Pass,69.4948264984227
215,Student_215,7.4,54,98.1,A,Pass,87.15999999999998
370,Student_370,1.6,54,67.5,C,Pass,57.2
617,Student_617,1.5,54,58.0,D,Pass,51.3
250,Student_250,8.7,54,50.6,D,Pass,61.26
158,Student_158,7.9,54,67.6,C,Pass,69.86
818,Student_818,4.6,54,76.2,B,Pass,68.42
305,Student_305,7.5,53,75.6,B,Pass,73.60999999999999
128,Student_128,8.7,53,89.7,B,Pass,84.47
870,Student_870,9.5,53,96.6,A,Pass,90.21
340,Student_340,1.9,53,75.9,B,Pass,62.589999999999996
986,Student_986,5.5,53,57.1,D,Pass,58.51
853,Student_853,2.9,53,52.1,D,Pass,50.309999999999995
759,Student_759,9.0,53,90.7,A,Pass,85.67
846,Student_846,4.7,53,69.3,C,Pass,64.23
300,Student_300,1.8,53,99.8,A,Pass,76.72999999999999
71,Student_71,8.0,53,89.3,B,Pass,82.83
733,Student_733,7.0,53,80.1,B,Pass,75.31
116,Student_116,8.8,53,88.8,B,Pass,84.13
888,Student_888,3.1,53,89.7,B,Pass,73.27
142,Student_142,3.3,53,98.6,A,Pass,79.00999999999999
180,Student_180,2.2,53,70.7,C,Pass,60.07
966,Student_966,4.2,53,61.5,C,Pass,58.55
763,Student_763,3.2,53,56.5,D,Pass,53.55
914,Student_914,4.7,53,52.6,D,Pass,54.21
505,Student_505,7.2,53,76.9,B,Pass,73.79
556,Student_556,4.6,53,80.6,B,Pass,70.80999999999999
155,Student_155,9.9,52,68.6,C,Pass,73.96
979,Student_979,5.5,52,88.2,B,Pass,76.92
956,Student_956,4.4,52,88.2,B,Pass,74.72
224,Student_224,4.3,52,47.7,D,Pass,50.220000000000006
509,Student_509,9.5,52,70.3,C,Pass,74.18
358,Student_358,6.3,52,41.5,D,Pass,50.5
806,Student_806,7.6,52,41.9,D,Pass,53.34
172,Student_172,1.1,52,79.6,B,Pass,62.96
999,Student_999,9.6,52,40.2,D,Pass,56.32000000000001
628,Student_628,7.7,52,87.7,B,Pass,81.02000000000001
484,Student_484,6.6,52,74.7,C,Pass,71.02
111,Student_111,3.6,52,46.1,D,Pass,47.86
186,Student_186,6.9,52,44.3,D,Pass,53.379999999999995
190,Student_190,3.2,52,61.2,C,Pass,56.12
539,Student_539,5.1,52,50.4,D,Pass,53.44
401,Student_401,1.9,52,69.99137749737118,C,Pass,58.7948264984227
397,Student_397,8.7,52,69.3,C,Pass,71.97999999999999
579,Student_579,5.4,52,94.4,A,Pass,80.44
61,Student_61,4.5,52,88.4,B,Pass,75.03999999999999
371,Student_371,1.9,52,69.0,C,Pass,58.199999999999996
803,Student_803,6.2,51,97.8,A,Pass,83.83
811,Student_811,9.9,51,67.5,C,Pass,73.05
989,Student_989,3.2,51,43.3,D,Pass,45.129999999999995
569,Student_569,9.1,51,52.8,D,Pass,62.629999999999995
745,Student_745,3.1,51,44.0,D,Pass,45.35
663,Student_663,6.5,51,76.0,B,Pass,71.35
82,Student_82,6.6,51,62.1,C,Pass,63.209999999999994
597,Student_597,7.0,51,94.6,A,Pass,83.50999999999999
608,Student_608,4.3,51,82.2,B,Pass,70.67
614,Student_614,1.7,51,58.1,D,Pass,51.01
471,Student_471,1.1,51,69.99137749737118,C,Pass,56.94482649842271
460,Student_460,2.1,51,52.3,D,Pass,48.33
417,Student_417,3.6,51,79.3,B,Pass,67.53
265,Student_265,8.9,51,70.5,C,Pass,72.85
351,Student_351,5.5,51,63.0,C,Pass,61.55
271,Student_271,8.3,51,85.7,B,Pass,80.77000000000001
951,Student_951,6.4,51,69.99137749737118,C,Pass,67.54482649842271
867,Student_867,2.4,51,87.7,B,Pass,70.17
372,Student_372,1.2,50,48.0,D,Pass,43.699999999999996
715,Student_715,4.1,50,40.1,D,Pass,44.760000000000005
735,Student_735,4.2,50,61.7,C,Pass,57.92
312,Student_312,1.7,50,87.7,B,Pass,68.52000000000001
775,Student_775,8.2,50,76.1,B,Pass,74.56
618,Student_618,3.5,50,84.6,B,Pass,70.25999999999999
108,Student_108,7.8,50,48.5,D,Pass,57.199999999999996
669,Student_669,2.7,50,61.7,C,Pass,54.92
637,Student_637,5.8,50,46.9,D,Pass,52.24
890,Student_890,3.2,50,74.4,C,Pass,63.54
643,Student_643,2.9,50,74.3,C,Pass,62.879999999999995
781,Student_781,7.2,50,48.6,D,Pass,56.059999999999995
705,Student_705,1.6,50,63.7,C,Pass,53.92
121,Student_121,8.3,50,65.6,C,Pass,68.46
